<?xml version="1.0" encoding="utf-8"?>
<androidx.constraintlayout.widget.ConstraintLayout xmlns:android="http://schemas.android.com/apk/res/android"
    android:layout_width="match_parent"
    android:layout_height="match_parent"
    xmlns:app="http://schemas.android.com/apk/res-auto"
    xmlns:tools="http://schemas.android.com/tools"
    tools:context=".MainActivity">
    <FrameLayout
        android:id="@+id/main_frame_fl"
        android:layout_width="match_parent"
        android:layout_height="0dp"
        app:layout_constraintBottom_toTopOf="@id/main_current_play_cl"
        app:layout_constraintTop_toTopOf="parent"
        app:layout_constraintRight_toRightOf="parent"
        app:layout_constraintLeft_toLeftOf="parent"
        app:layout_constraintVertical_weight="20">
    </FrameLayout>
    <androidx.constraintlayout.widget.ConstraintLayout
        android:id="@+id/main_current_play_cl"
        android:layout_width="match_parent"
        android:layout_height="0dp"
        app:layout_constraintBottom_toTopOf="@id/main_nav_cl"
        app:layout_constraintTop_toBottomOf="@id/main_frame_fl"
        app:layout_constraintRight_toRightOf="parent"
        app:layout_constraintLeft_toLeftOf="parent"
        app:layout_constraintVertical_weight="1.8"
        android:backgroundTint="#C1C1C1"
        android:background="#C1C1C1">
        <SeekBar
            android:id="@+id/main_current_play_sb"
            android:layout_width="match_parent"
            android:layout_height="wrap_content"
            app:layout_constraintTop_toTopOf="parent"
            app:layout_constraintLeft_toLeftOf="parent"
            app:layout_constraintRight_toRightOf="parent"
            app:layout_constraintBottom_toTopOf="@id/main_current_play_info_cl"
            android:max="1000"
            android:thumb="@drawable/seekbar_song_seek_thumb"
            android:splitTrack="false"
            android:background="#C1C1C1"
            android:paddingStart="0dp"
            android:paddingEnd="0dp">
        </SeekBar>
        <androidx.constraintlayout.widget.ConstraintLayout
            android:id="@+id/main_current_play_info_cl"
            android:layout_width="0dp"
            android:layout_height="wrap_content"
            app:layout_constraintLeft_toLeftOf="parent"
            app:layout_constraintTop_toBottomOf="@id/main_current_play_sb"
            app:layout_constraintBottom_toBottomOf="parent"
            app:layout_constraintRight_toLeftOf="@id/main_current_goback_iv"
            app:layout_constraintHorizontal_weight="6">
            <TextView
                android:id="@+id/main_current_title_tv"
                android:layout_width="0dp"
                android:layout_height="wrap_content"
                app:layout_constraintTop_toTopOf="parent"
                app:layout_constraintLeft_toLeftOf="parent"
                app:layout_constraintRight_toRightOf="parent"
                app:layout_constraintBottom_toTopOf="@+id/main_current_artist_tv"
                android:text="title"
                android:textSize="19dp"
                android:textStyle="bold"
                android:textColor="@color/black"
                android:textAlignment="textStart"
                android:layout_marginLeft="20dp">
            </TextView>
            <TextView
                android:id="@+id/main_current_artist_tv"
                android:layout_width="0dp"
                android:layout_height="wrap_content"
                app:layout_constraintTop_toBottomOf="@+id/main_current_title_tv"
                app:layout_constraintRight_toRightOf="parent"
                app:layout_constraintLeft_toLeftOf="parent"
                app:layout_constraintBottom_toBottomOf="parent"
                android:text="artist"
                android:textSize="16dp"
                android:textColor="@color/black"
                android:textAlignment="textStart"
                android:layout_marginLeft="20dp">
            </TextView>
        </androidx.constraintlayout.widget.ConstraintLayout>
        <ImageView
            android:id="@+id/main_current_goback_iv"
            android:layout_width="0dp"
            android:layout_height="match_parent"
            android:src="@drawable/btn_miniplayer_previous"
            app:layout_constraintLeft_toRightOf="@id/main_current_play_info_cl"
            app:layout_constraintRight_toLeftOf="@id/main_current_play_iv"
            app:layout_constraintHorizontal_weight="1">
        </ImageView>
        <ImageView
            android:id="@+id/main_current_play_iv"
            android:layout_width="0dp"
            android:layout_height="match_parent"
            android:src="@drawable/btn_miniplayer_play"
            app:layout_constraintLeft_toRightOf="@id/main_current_goback_iv"
            app:layout_constraintRight_toLeftOf="@id/main_current_gofore_iv"
            app:layout_constraintHorizontal_weight="1">
        </ImageView>
        <ImageView
            android:id="@+id/main_current_gofore_iv"
            android:layout_width="0dp"
            android:layout_height="match_parent"
            android:src="@drawable/btn_miniplayer_next"
            app:layout_constraintLeft_toRightOf="@id/main_current_play_iv"
            app:layout_constraintRight_toLeftOf="@id/main_current_list_iv"
            app:layout_constraintHorizontal_weight="1">
        </ImageView>
        <ImageView
            android:id="@+id/main_current_list_iv"
            android:layout_width="0dp"
            android:layout_height="match_parent"
            android:src="@drawable/btn_player_go_list"
            app:layout_constraintLeft_toRightOf="@id/main_current_gofore_iv"
            app:layout_constraintRight_toRightOf="parent"
            app:layout_constraintHorizontal_weight="1">
        </ImageView>
    </androidx.constraintlayout.widget.ConstraintLayout>
    <androidx.constraintlayout.widget.ConstraintLayout
        android:id="@+id/main_nav_cl"
        android:layout_width="match_parent"
        android:layout_height="0dp"
        app:layout_constraintTop_toBottomOf="@id/main_current_play_cl"
        app:layout_constraintBottom_toBottomOf="parent"
        app:layout_constraintLeft_toLeftOf="parent"
        app:layout_constraintRight_toRightOf="parent"
        app:layout_constraintVertical_weight="2"
        android:background="#D6D7D7"
        android:backgroundTint="#D6D7D7">
        <ImageButton
            android:id="@+id/main_nav_home_btn"
            android:layout_width="0dp"
            android:layout_height="match_parent"
            app:layout_constraintRight_toLeftOf="@id/main_nav_around_btn"
            app:layout_constraintLeft_toLeftOf="parent"
            app:layout_constraintTop_toTopOf="parent"
            app:layout_constraintBottom_toBottomOf="parent"
            android:src="@drawable/ic_bottom_home_no_select"
            app:layout_constraintHorizontal_weight="1"
            android:scaleType="centerCrop"
            android:layout_marginHorizontal="10dp">
        </ImageButton>
        <ImageButton
            android:id="@+id/main_nav_around_btn"
            android:layout_width="0dp"
            android:layout_height="match_parent"
            app:layout_constraintLeft_toRightOf="@id/main_nav_home_btn"
            app:layout_constraintRight_toLeftOf="@id/main_nav_search_btn"
            app:layout_constraintTop_toTopOf="parent"
            app:layout_constraintBottom_toBottomOf="parent"
            android:src="@drawable/ic_bottom_look_no_select"
            app:layout_constraintHorizontal_weight="1"
            android:scaleType="centerCrop"
            android:layout_marginHorizontal="10dp">
        </ImageButton>
        <ImageButton
            android:id="@+id/main_nav_search_btn"
            android:layout_width="0dp"
            android:layout_height="match_parent"
            app:layout_constraintLeft_toRightOf="@id/main_nav_around_btn"
            app:layout_constraintRight_toLeftOf="@id/main_nav_store_btn"
            app:layout_constraintTop_toTopOf="parent"
            app:layout_constraintBottom_toBottomOf="parent"
            android:src="@drawable/ic_bottom_search_no_select"
            app:layout_constraintHorizontal_weight="1"
            android:scaleType="centerCrop"
            android:layout_marginHorizontal="10dp">
        </ImageButton>
        <ImageButton
            android:id="@+id/main_nav_store_btn"
            android:layout_width="0dp"
            android:layout_height="match_parent"
            app:layout_constraintLeft_toRightOf="@id/main_nav_search_btn"
            app:layout_constraintRight_toRightOf="parent"
            app:layout_constraintTop_toTopOf="parent"
            app:layout_constraintBottom_toBottomOf="parent"
            app:layout_constraintHorizontal_weight="1"
            android:src="@drawable/ic_bottom_my_no_select"
            android:scaleType="centerCrop"
            android:layout_marginHorizontal="10dp">
        </ImageButton>
    </androidx.constraintlayout.widget.ConstraintLayout>
</androidx.constraintlayout.widget.ConstraintLayout>