<?xml version="1.0" encoding="utf-8"?>
<androidx.constraintlayout.widget.ConstraintLayout xmlns:android="http://schemas.android.com/apk/res/android"
    xmlns:tools="http://schemas.android.com/tools"
    android:layout_width="match_parent"
    android:layout_height="match_parent"
    xmlns:app="http://schemas.android.com/apk/res-auto"
    tools:context=".store"
    android:background="@color/white">
    <androidx.core.widget.NestedScrollView
        android:layout_width="match_parent"
        android:layout_height="wrap_content"
        app:layout_constraintTop_toTopOf="parent">
        <androidx.constraintlayout.widget.ConstraintLayout
            android:layout_width="match_parent"
            android:layout_height="wrap_content">
    <TextView
        android:id="@+id/store_title_tv"
        android:layout_width="wrap_content"
        android:layout_height="wrap_content"
        app:layout_constraintTop_toTopOf="parent"
        app:layout_constraintBottom_toTopOf="@id/store_tab_tl"
        app:layout_constraintStart_toStartOf="parent"
        app:layout_constraintRight_toLeftOf="@id/store_login_tv"
        android:text="보관함"
        android:textSize="22dp"
        android:textStyle="bold"
        android:textColor="@color/black"
        android:layout_marginTop="20dp"
        android:layout_marginBottom="20dp"
        android:layout_marginLeft="10dp">
    </TextView>
            <TextView
                android:id="@+id/store_user_name_tv"
                android:layout_width="wrap_content"
                android:layout_height="wrap_content"
                app:layout_constraintBottom_toTopOf="@id/store_tab_tl"
                app:layout_constraintTop_toTopOf="parent"
                app:layout_constraintRight_toLeftOf="@id/store_login_tv"
                android:textSize="18dp"
                android:textColor="@color/purple_200"
                android:textStyle="bold"
                android:layout_marginRight="20dp"
                android:layout_marginTop="10dp">
            </TextView>
    <TextView
        android:id="@+id/store_login_tv"
        android:layout_width="wrap_content"
        android:layout_height="wrap_content"
        app:layout_constraintLeft_toRightOf="@id/store_title_tv"
        app:layout_constraintEnd_toEndOf="parent"
        app:layout_constraintBottom_toTopOf="@id/store_tab_tl"
        app:layout_constraintTop_toTopOf="parent"
        android:text="로그인"
        android:textSize="18dp"
        android:textColor="@color/purple_200"
        android:layout_marginTop="10dp"
        android:layout_marginRight="10dp">
    </TextView>
    <com.google.android.material.tabs.TabLayout
        android:id="@+id/store_tab_tl"
        android:layout_width="wrap_content"
        android:layout_height="wrap_content"
        app:layout_constraintTop_toBottomOf="@id/store_title_tv"
        app:layout_constraintStart_toStartOf="parent"
        app:layout_constraintBottom_toTopOf="@id/store_list_vp">
        <com.google.android.material.tabs.TabItem
            android:layout_width="wrap_content"
            android:layout_height="wrap_content"
            android:text="저장한 곡">
        </com.google.android.material.tabs.TabItem>
        <com.google.android.material.tabs.TabItem
            android:layout_width="wrap_content"
            android:layout_height="wrap_content"
            android:text="음악파일">
        </com.google.android.material.tabs.TabItem>
    </com.google.android.material.tabs.TabLayout>
    <androidx.viewpager2.widget.ViewPager2
        android:id="@+id/store_list_vp"
        android:layout_width="match_parent"
        android:layout_height="wrap_content"
        app:layout_constraintTop_toBottomOf="@id/store_tab_tl"
        app:layout_constraintLeft_toLeftOf="parent">

    </androidx.viewpager2.widget.ViewPager2>
        </androidx.constraintlayout.widget.ConstraintLayout>
    </androidx.core.widget.NestedScrollView>
</androidx.constraintlayout.widget.ConstraintLayout>